Attributes,SCI Space,Explain Paper,Tavily AI,Consensus,Elicit,Julius AI,Einblick,Heuristica,Monkeylearn,Otter.ai,Fireflies.ai,Scribe,ClassPoint AI,GradeScope,PowerPoint Speaker Coach,Merlin AI,ChatGPT,Bing Chat,Perplexity AI,Quillbot,Grammarly
Features,"AI-driven platform for exploring, understanding, and publishing research papers, Comprehensive searchable database of over 270 million papers, authors, topics, journals, and conferences, Plagiarism checker, Journal submission, XML converters, AI copilot to decode any research paper, Personalized recommendations of popular papers, topics, and conferences, Gallery of over 40,000 journal templates","AI-powered research paper tool, Upload a paper and highlight confusing text, Get an explanation of the highlighted text, Simplifies and explains complex concepts, Offers AI explanations for dense sections, Provides a user-friendly interface","Searches internet for user queries, summarizes relevant information, avoids hallucinated answers, useful for market insights.","AI-powered search engine for scientific research, Aggregates findings directly from scientific studies, Provides evidence-based answers faster, perfect to find relevant papers, Offers a user-friendly interface","AI-powered research tool for academic research, ITS NOT A MIND-MAP TOOL, Textual data analysis, Key themes, sentiments, and patterns identification, Summarization and visualization, Research question generation and can find relevant papers without needing exact keyword matches and extract key information from them.","Analysis of structured data from spreadsheets, Excel files, and CSV files., Data visualization, including the generation of visual charts and dynamic visualizations., Question-driven analysis, allowing users to ask data-related questions and receive instant answers., Statistical modeling capabilities for expert-level insights., Versatile data connectivity, enabling the tool to connect to various data sources such as Excel Sheets, Google Sheets.","Data visualization, including the generation of visually appealing charts and graphs., Support for various file formats, such as Excel, JSON, and Google Sheets., Seamless integration with data storage methods, eliminating the need for extensive pre-processing., User-friendly interface, making it accessible to users without advanced data analytics skills.","AI-powered mind-map tool that helps users organize their thoughts and ideas visually., Simplifies the process of visually learning, researching, and creating concept mind-maps, making it easier for users to understand and develop their ideas., User-friendly interface that saves time and effort, allowing users to focus on the content itself.","Text analysis platform that allows businesses to automatically analyze their data using machine learning, main feature is that the tool Can create beautiful word clouds for free., Access to powerful text analysis tools that categorize data by sentiment, topic, and more., User-friendly interface that requires no prior coding knowledge., Ability to classify texts with custom categories or tags for sentiment analysis, topic detection, product classification, aspects detection, and much more., Extraction models to extract data from text. There main feature is their free word cloud generator.","Real-time transcription and note-taking tool that generates rich notes for meetings, interviews, lectures, and other important voice conversations., AI-powered assistant for note-taking, meeting highlights, and transcription., Integration with Zoom, Teams, and Meet., Custom vocabulary, speaker identification, and time codes., Centralized billing and user management., Reporting and analytics., Two-factor authentication and comment folders., Available on iOS, Android, and web.","AI-powered meeting assistant that records, transcribes, and automates meeting note-taking., Integration with various video-conferencing apps, dialers, and audio files., User-friendly interface that requires no prior coding knowledge., Ability to classify texts with custom categories or tags for sentiment analysis, topic detection, product classification, aspects detection, and much more., Extraction models to extract data from text., Integration with Zoom, Teams, and Meet.","Automated Documentation: Scribe AI uses generative AI to create company-specific processes tailored to your unique business, automating the most dreaded part of work: documentation, Integration with Web Apps: Scribe AI works with any web app on any browser, making it easy to create and customize guides on any platform, Quick Customization: The tool offers quick and efficient creation of tutorials and guides, with a wide range of customization options for content, Branded Guides: Scribe AI allows users to create branded guides with their company's logo and colors, removing the Scribe branding, Export Formats: Users can export guides to HTML, Confluence, and Markdown formats, Desktop Capture: Scribe AI can capture processes on desktop-based applications, Multiple Workspaces: The tool allows users to manage documents and users across multiple teams, with admins able to review and approve new guides before publishing them to the company's workspace, Review & Approval Queue: Scribe AI offers a review and approval queue for managing the publishing process, Sensitive Data Redaction: The tool can redact sensitive information from screenshots, Smart Embed: Scribe AI allows users to embed their guides and pages into knowledge bases, wikis, and more","AI-powered presentation tool that enhances PowerPoint presentations with interactive questions, gamification, and feedback collection., Customizable templates, drag and drop functionality, and reporting/analytics., Integration with PowerPoint, Q&A, and live results tracking., Blended learning, assessments, and visualization/presentation tools., Content import/export and PowerPoint conversion.","AI-assisted grading that groups similar answers together, eliminating redundancies and enabling higher quality, more consistent feedback., Item-level statistics that give instructors immediate and actionable feedback on student progress., Dynamic rubrics that can be built in advance or created on the fly, allowing for collaborative construction and real-time adjustments., Fast grading and effective feedback that accelerates the grading process, increases feedback consistency, and provides clear insights into student learning trends in real time., Support for various assignment types, including paper-based, bubble sheet, digital, and code assignments., Detailed analytics that help instructors get a clear picture of student performance and address potential learning gaps through department-level metrics., Scoring consistency and workflow management that supports scoring consistency across multiple graders and provides an optional process workflow for item-level regrade request management., Integration with learning management systems such as Canvas to facilitate the grading of paper and digital assignments., Optical character recognition (OCR) and AI assistance that efficiently grades and provides substantive feedback on various assignment types, reducing manual grading time., AI-driven answer grouping that enables instructors to sort student answers into groups and grade whole groups at once, saving time and providing clearer feedback to students.","AI-powered tool that helps users refine their presentation skills by providing real-time feedback on pacing, pitch, filler words, informal speech, euphemisms, and culturally sensitive terms., Detects when users are reading from their slides too much or simply reading the text on a slide., Provides a report after each rehearsal with statistics and suggestions for improvements., Compatible with Microsoft Edge version 15 or later, Chrome version 52 or later, and Firefox version 52 or later.","AI-powered Chrome extension that streamlines browsing experience and enhances productivity., Provides real-time AI-powered assistance for various tasks, such as writing emails, summarizing articles, and answering questions., Offers a user-friendly interface and easy installation., Available in multiple languages., Provides suggestions for improvements after each use., Compatible with multiple web browsers.","Natural Language Understanding Contextual Awareness, Conversational Skills, Support with coding and projects around coding, Text Generation, Multi-Turn Conversations, Language Translation, Creative Writing, Legal Document Drafting","Virtual Assistant Functionality Data Retrieval from the Web, Understands and Answers User Queries, Voice Input, Content Generation, Image Generation, Summarized Answers to Complex Questions","Natural Language Understanding, quick web research, Contextual Awareness, Conversational Skills, Text Generation, Dedicated Support, Updated Information","AI Paraphrasing tool, Plagiarism Checking, Translation, Browser Extensions (Chrome, Microsoft Word, macOS), User-Friendly Interface, Grammar Checking","AI Writing Tools, Paraphrasing Tool, Tone Detector, Style Guide, Snippets, Summarizing Tool, Generative AI Assistance, Browser Extensions (Chrome, Microsoft Word, macOS), User-Friendly Interface, Grammar Checking, Content Summarization, Citation Creation"
Suitable For,"Students writing their thesis and Researchers and academics seeking to explore, understand, and publish research papers",Students writing their thesis and Researchers and academics seeking to simplify and understand complex research papers,Researchers and academics seeking to simplify and expedite the research process,Students writing their thesis and Researchers and academics seeking to quickly find answers to scientific research questions,Students writing their thesis and Researchers and academics seeking to simplify and expedite the research process,"Julius AI is suitable for people looking to perform data analysis more faster and easier. It help and support with your coding skills. Its for students, researchers, and business users in various fields such as marketing, healthcare, academia, and economics. It is designed to make data analysis accessible to individuals without a background in data science or statistics
","Einblick AI (ChartGen AI) is designed for users who may not have advanced data analytics skills, providing an efficient solution for individuals or teams looking to visualize their data without the need for complex technical skills or time-consuming data preparation","Heuristica AI is suitable for students, researchers, and anyone interested in making nice mind-maps and expanding their knowledge with these. It is designed to simplify the process of organizing and understanding complex topics visually",MonkeyLearn is suitable for businesses of all sizes seeking to enhance their customer experience and make data-driven decisions by transforming unstructured customer data into valuable insights. It is designed to democratize the power of machine learning and make it accessible to users without advanced technical skills,Otter.ai is suitable for businesses of all sizes seeking to enhance their productivity and make data-driven decisions by transforming unstructured customer data into valuable insights. It is designed to democratize the power of machine learning and make it accessible to users without advanced technical skills,"Fireflies AI is suitable for businesses of all sizes seeking to enhance their productivity and make data-driven decisions by transforming unstructured customer data into valuable insights. It is designed to democratize the power of machine learning and make it accessible to users without advanced technical skills
","Scribe AI is suitable for teachers, students and businessses as it is designed to simplify the process of creating educational guides and documentation.  ","ClassPoint AI is suitable for teachers, educators, trainers, and presenters looking to enhance their PowerPoint presentations with interactive elements, gamification, and feedback collection. It is designed to make presentations more engaging and effective, with a range of customizable templates and tools","Gradescope is suitable for teacher, educators, instructors, and institutions seeking to streamline the assessment and grading process, It is not suited for students themselves but its a tool for teachers and educators, it can improve feedback consistency, and gain valuable insights into student learning. It is designed to transform grading into a learning experience, offering fast grading, effective feedback, and clear insights to support instructors in delivering high-quality assessments at scale","PowerPoint Speaker Coach AI is suitable for students, teachers and educators looking to improve their presentation skills and refine their public speaking abilities. It is designed to help users prepare for presentations, rehearse their slide shows, and receive feedback on their performance","Merlin AI is suitable for individuals looking to streamline their browsing experience and enhance their productivity. It is designed to help users automate tasks and swiftly deliver the information they need, saving time and increasing creativity","Individuals seeking assistance with various tasks. For example: helps and supports with coding, content writing, brainstroming, translating and research.","Individuals and professionals seeking a free AI chatbot.  For example: helps and supports with coding, content writing and translating.
Writers, marketers, and researchers looking for content generation and research assistance","Students seeking homework assistance, research projects and improved and fast web results compared to Google.
Professionals seeking to stay updated with industry trends, find new ideas, and create content
Anyone seeking up-to-date answers on a diverse range of topics","Students, academics, and writers looking to improve their writing. Its not suited for data analysis or chart visualisation
Individuals seeking a tool for paraphrasing, summarizing, and plagiarism checking
Users of Microsoft Word, Chrome, and macOS seeking convenient browser extensions","Professionals, students, and anyone looking to improve their writing. Not for data analysis
Users of Microsoft Word, Chrome, and macOS seeking convenient browser extensions"
Pros,"Offers a comprehensive searchable database of over 270 million papers, authors, topics, journals, and conferences, Provides a variety of features such as a plagiarism checker, journal submission, XML converters, and an AI copilot to decode any research paper, Offers personalized recommendations of popular papers, topics, and conferences, Provides a gallery of over 40,000 journal templates, Streamlines the publishing process","Offers an AI-powered solution to simplify and explain complex research papers, Allows users to upload a paper and highlight confusing text for explanation, Provides a user-friendly interface, Helps users quickly understand complex topics","Rapid research results, User-friendly interface, Feedback mechanism, In-depth research capabilities, Collaboration capabilities, Includes comprehensive sources, Allows source prioritization, Caters to individual users, Cater to enterprise-level, Delivers insights to inbox, Wide range research topics, Expert review for accuracy, Offers direct research results, Objective based research, Allows sharing research findings, Open in Github feature, Community via Discord, Automated research process, Informed decision making aidProvides in-depth research and intelligent query suggestions and answers","Quick answers from research, Extracts key findings and relevant papers, Uses peer-reviewed research, Search is 100% ad-free, Evidence-based answers, Information from scientific community, Free Beta accessible, Instant analysis of papers, Unbiased results, Allows multiple queries, Applicable for various topics, Ad-free searching, Results from scientific findings, Easy to use interface, Summary of research papers, Excellent for academic research, Scientific article summaries, Contact access, Blog available, Company information clear, Clear website navigation, Sign up feature, Diverse science topics, Streamlined research process, Quick query results, No marketing bias, Concise research presentation, Faster review of literature, Expedites research process, Accessible scientific research, Reduces research workload, Quality source selection, Reliable research source, Comprehensive result display, Search tailored to question, Career opportunities available, Privacy policy available, COVID-19 research accessible, Mindfulness research accessible, Scientific research democratized, Answers in seconds","Automates research workflows, Doesn't need perfect keywords, Extracts relevant paper information, Tailored paper summaries, Assists in brainstorming, Summarizes texts, Classifies texts, Understands language models, Helps with literature reviews, Aids in answering research questions","User-friendly interface., Time and effort-saving through automation of data analysis., Data visualization capabilities, including the creation of dynamic visualizations., Strict access control and data privacy measures. Using AI, analyze, visualize, and animate complex data in multiple formats (Excel, CSV, Google Sheets, etc.)., The free plan offers fifteen monthly messages to Julius., The user-friendly interface is great for beginners looking to simplify data analysis., Julius AI prioritizes data security with strict access control measures (read their Privacy Policy to learn more)., Download and share conversations and visualizations effortlessly with your team., There are plenty of resources, guides, case studies, and more to get you on the right foot., Excellent support (chatbot, email, and Discord community)., Available on iOS and Android devices., ChatGPT plugin.","Chart-generation AI tool, uploads datasets, quickly generates visual representations of data, completely free to use.",,,"User-friendly interface that requires no prior coding knowledge., AI-powered transcription and note-taking tool that generates rich notes for meetings, interviews, lectures, and other important voice conversations., Integration with Zoom, Teams, and Meet.","User-friendly interface that requires no prior coding knowledge., AI-powered meeting assistant that records, transcribes, and automates meeting note-taking., Integration with various video-conferencing apps, dialers, and audio files., Advanced exporting, App & CRM integrations on the Pro and Business tiers.No dedicated cons available.",,"AI-powered presentation tool that enhances PowerPoint presentations with interactive questions, gamification, and feedback collection., Customizable templates, drag and drop functionality, and reporting/analytics., Integration with PowerPoint, Q&A, and live results tracking.","Fast grading and effective feedback that accelerates the grading process, increases feedback consistency, and provides clear insights into student learning trends in real time., Detailed analytics that help instructors get a clear picture of student performance and address potential learning gaps through department-level metrics.","Helps users prepare in private to give more effective presentations., Provides real-time feedback on various aspects of a presentation, such as pacing, pitch, and use of filler words., Offers suggestions for improvements after each rehearsal., Compatible with multiple web browsers.","Easy to use and install., AI-powered assistance for various tasks, such as writing emails, summarizing articles, and answering questions., Provides suggestions for improvements after each use., Available in multiple languages., Compatible with multiple web browsers.","Time-saving: ChatGPT automates tasks and saves time., 24/7 support: ChatGPT can be available 24/7 for customer support., Scalability: ChatGPT can handle high volumes of conversations., Enhanced user experience: ChatGPT provides a human-like interaction., Improves efficiency: ChatGPT provides accurate information and reduces research time., ","Free to use with a Microsoft account, Runs on the powerful GPT-4 AI model, Offers a user-friendly interface, Allows voice input, Provides references for precise content generation, Offers suggestions for conversational starters based on timely topics","Offers up-to-date information on any topic, Provides an intuitive user interface ideal for beginners and professional users, Offers unlimited copilot usage, Provides access to GPT-4, Offers dedicated support, Provides updated information",,"Offers a range of AI-powered writing tools, Provides browser extensions for convenient use, Offers a user-friendly interface, Provides grammar checking, content summarization, and citation creation, Useful for professionals, students, and anyone looking to improve their writing"
Pricing,"Basic (Free): Offers basic features but good enough to get you started, Paid plans for researchers and team are available.","You can start using Explainpaper for free. Nevertheless, to access all features, you need to upgrade the plan, with its pricing starting at around $12 per month.","Free tier: Basic features, Solo: $40 dollar per month, offers full API access.","Free tier: Basic features but these are more than enough to fulle use the tool., Premium plan: Offers additional features and benefits for 7 dollar a mount","Limited free usage but good enough to get you started, you can usethe tool unlimited for 12 dollar per month","Free plan with limitations, including the ability to send up to 15 messages per month., Paid plans are available with a discounts for students and teachers.",Completely free to use Chartgen function within Einblick. To use all Einblick capabilities there are premium plans starting from 9 dollar a month,Completely Free to use when making an account. No pricing systems,Offers some free tools such as word cloud generators and text analysis. However paid plans are more for entire businesses rather than individual usage.,Basic: Free. Pro plan cost $17 per month. For business its $30 per month.,"Free: Basic features, limited transcription credits. Addiotional paid plan available.",Free Plan: This plan allows users to create how-to guides in a few clicks. Also offers a Pro plan priced at $29 per month which offers additional features. ,"Basic: Free, limited class size and features., Pro: $8 dollar a month or $96 billed annually, unlimited engagement for sessions, up to 200 class size, 500 AI quiz credits, and advanced gamification., School: Custom pricing, includes all features of the Pro plan, with additional tools and personalized support.","Gradescope offers two plans: Gradescope Basic and Gradescope Institutional. After an institutional trial, you can continue using the Basic plan for free","Free, with limited features.","Free, with limited features.",Free to use however to get the best results you need to have ChatGPT Plus which costs 20 dollar,Free to use with a Microsoft account,"Free plan offers more than enough capabilities, Premium plan: $20 dollar a month or $200 dollar a year, includes unlimited copilot usage, GPT-4 access, dedicated support, and updated information","Free plan with basic features, Premium plan cost 15 dollar a month or 80 dollar a year, offering additional features such as unlimited words, more tones, and a plagiarism checker","Free plan: Essentials to start writing with AI assistance, 100 prompts a month, Premium plan: Robust AI features, including generative AI assistance, unlimited prompts, and suggestions for improved communication"
Website link,https://typeset.io/,https://www.explainpaper.com/,https://tavily.com/,https://www.goconsensus.com/,https://elicit.org/,https://julius.ai/,https://www.einblick.ai/chartgenai/,https://www.heuristi.ca/,https://monkeylearn.com/,https://otter.ai/,https://fireflies.ai/,https://scribehow.com/,https://www.classpoint.io/ai-quiz-generator,https://www.gradescope.com/,https://www.microsoft.com/en-us/microsoft-365/powerpoint,https://chromewebstore.google.com/detail/merlin-1-click-access-to/camppjleccjaphfdbohjdohecfnoikec,https://openai.com/chatgpt/,https://www.bing.com/chat,https://perplexity.ai/,https://quillbot.com/,https://www.grammarly.com/
